<?xml version="1.0" encoding="UTF-8"?>
<jcr:root xmlns:sling="http://sling.apache.org/jcr/sling/1.0" xmlns:granite="http://www.adobe.com/jcr/granite/1.0" xmlns:cq="http://www.day.com/jcr/cq/1.0" xmlns:jcr="http://www.jcp.org/jcr/1.0" xmlns:nt="http://www.jcp.org/jcr/nt/1.0"
    jcr:primaryType="nt:unstructured"
    jcr:title="Page"
    sling:resourceType="cq/gui/components/authoring/dialog"
    helpPath="https://www.adobe.com/go/aem_cmp_page_v1"
    extraClientlibs="[cq.common.wcm,core.wcm.components.page.v1.editor,cq.wcm.msm.properties,granite.contexthub.configuration,cq.siteadmin.admin.properties]"
    mode="edit"
    trackingFeature="core-components:page:v1">
    <content
        granite:class="cq-dialog-content-page"
        jcr:primaryType="nt:unstructured"
        sling:resourceType="granite/ui/components/coral/foundation/container">
        <items jcr:primaryType="nt:unstructured">
            <tabs
                granite:class="cq-siteadmin-admin-properties-tabs"
                jcr:primaryType="nt:unstructured"
                sling:resourceType="granite/ui/components/coral/foundation/tabs"
                size="L">
                <items jcr:primaryType="nt:unstructured">
                    <basic
                        jcr:primaryType="nt:unstructured"
                        jcr:title="Basic"
                        sling:resourceType="granite/ui/components/coral/foundation/fixedcolumns">
                        <items jcr:primaryType="nt:unstructured">
                            <column
                                jcr:primaryType="nt:unstructured"
                                sling:resourceType="granite/ui/components/coral/foundation/container">
                                <items jcr:primaryType="nt:unstructured">
                                    <title
                                        jcr:primaryType="nt:unstructured"
                                        sling:resourceType="granite/ui/components/coral/foundation/include"
                                        path="/mnt/overlay/wcm/foundation/components/basicpage/v1/basicpage/tabs/basic/items/column/items/title"/>
                                    <htmlid
                                        jcr:primaryType="nt:unstructured"
                                        jcr:title="HTML ID"
                                        sling:resourceType="granite/ui/components/coral/foundation/form/fieldset">
                                        <items jcr:primaryType="nt:unstructured">
                                            <id
                                                jcr:primaryType="nt:unstructured"
                                                sling:resourceType="granite/ui/components/coral/foundation/form/textfield"
                                                fieldDescription="HTML ID attribute to apply to the component."
                                                fieldLabel="ID"
                                                name="./id"/>
                                        </items>
                                    </htmlid>
                                    <moretitles
                                        jcr:primaryType="nt:unstructured"
                                        sling:resourceType="granite/ui/components/coral/foundation/include"
                                        path="/mnt/overlay/wcm/foundation/components/basicpage/v1/basicpage/tabs/basic/items/column/items/moretitles"/>
                                    <onofftime
                                        jcr:primaryType="nt:unstructured"
                                        sling:resourceType="granite/ui/components/coral/foundation/include"
                                        path="/mnt/overlay/wcm/foundation/components/basicpage/v1/basicpage/tabs/basic/items/column/items/onofftime"/>
                                    <vanityurl
                                        jcr:primaryType="nt:unstructured"
                                        sling:resourceType="granite/ui/components/coral/foundation/include"
                                        path="/mnt/overlay/wcm/foundation/components/basicpage/v1/basicpage/tabs/basic/items/column/items/vanityurl"/>
                                </items>
                            </column>
                        </items>
                    </basic>
                    <socialmedia
                        cq:showOnCreate="{Boolean}true"
                        jcr:primaryType="nt:unstructured"
                        jcr:title="Social Media"
                        sling:resourceType="granite/ui/components/coral/foundation/fixedcolumns"
                        sling:orderBefore="cloudservices">
                        <items jcr:primaryType="nt:unstructured">
                            <column
                                jcr:primaryType="nt:unstructured"
                                sling:resourceType="granite/ui/components/coral/foundation/container">
                                <items jcr:primaryType="nt:unstructured">
                                    <section
                                        jcr:primaryType="nt:unstructured"
                                        jcr:title="Social Media sharing"
                                        sling:resourceType="granite/ui/components/coral/foundation/form/fieldset">
                                        <items jcr:primaryType="nt:unstructured">
                                            <inputgroup
                                                jcr:primaryType="nt:unstructured"
                                                sling:resourceType="granite/ui/components/coral/foundation/text"
                                                text="Enable user sharing for"/>
                                            <field
                                                cq:showOnCreate="{Boolean}true"
                                                jcr:primaryType="nt:unstructured"
                                                sling:resourceType="granite/ui/components/coral/foundation/form/fieldset">
                                                <items jcr:primaryType="nt:unstructured">
                                                    <facebook
                                                        cq:showOnCreate="{Boolean}true"
                                                        jcr:primaryType="nt:unstructured"
                                                        sling:resourceType="granite/ui/components/coral/foundation/form/checkbox"
                                                        name="./socialMedia"
                                                        renderReadOnly="{Boolean}true"
                                                        text="Facebook"
                                                        value="facebook">
                                                        <granite:data
                                                            jcr:primaryType="nt:unstructured"
                                                            cq-msm-lockable="socialMedia"/>
                                                    </facebook>
                                                    <pinterest
                                                        cq:showOnCreate="{Boolean}true"
                                                        jcr:primaryType="nt:unstructured"
                                                        sling:resourceType="granite/ui/components/coral/foundation/form/checkbox"
                                                        name="./socialMedia"
                                                        renderReadOnly="{Boolean}true"
                                                        text="Pinterest"
                                                        value="pinterest">
                                                        <granite:data
                                                            jcr:primaryType="nt:unstructured"
                                                            cq-msm-lockable="socialMedia"/>
                                                    </pinterest>
                                                </items>
                                            </field>
                                            <variantpath
                                                cq:showOnCreate="{Boolean}true"
                                                jcr:primaryType="nt:unstructured"
                                                sling:resourceType="cq/experience-fragments/editor/components/xffield"
                                                fieldDescription="Choose the social media variation of experience fragment to be used for generating page meta data for social media."
                                                fieldLabel="Preferred XF variation"
                                                filter="folderOrVariant"
                                                name="./variantPath"
                                                renderReadOnly="{Boolean}true"
                                                translateOptions="{Boolean}false"
                                                variant="sm">
                                                <granite:data
                                                    jcr:primaryType="nt:unstructured"
                                                    cq-msm-lockable="fragmentPath"/>
                                            </variantpath>
                                            <socialmedia_type
                                                cq:showOnCreate="{Boolean}true"
                                                jcr:primaryType="nt:unstructured"
                                                sling:resourceType="granite/ui/components/coral/foundation/form/hidden"
                                                allowBulkEdit="{Boolean}true"
                                                ignoreData="{Boolean}true"
                                                name="./socialMedia@TypeHint"
                                                value="String[]"/>
                                        </items>
                                    </section>
                                </items>
                            </column>
                        </items>
                    </socialmedia>
                </items>
            </tabs>
        </items>
    </content>
</jcr:root>
